1,2,3,4
Trending,,,
,Our picks,,
,Latest articles,,
,Popular articles,,
Entertainment,,,
,Music,,
,,Charts,
,,Artists,
,,Reviews,
,,Top picks,
,,Genres,
,,,Classical
,,,Popular
,,,Rock
,,,Electronic
,,,Jazz
,,,Hip-hop
,,Concerts,
,Literature,,
,,Reviews,
,,Nonfiction,
,,Fiction,
,,,Science fiction
,,,Fantasy
,,,Adventure
,,,Horror
,,,Mystery
,,Poetry,
,,For children,
,Films,,
,,Upcoming releases,
,,Reviews,
,,Genres,
,,,Science fiction
,,,Fantasy
,,,Adventure
,,,Nonfiction
,,,Mystery
,,,Action
,,,Comedy
,,,Horror
,,,Musicals
,,,Thriller
,,,Documentary
,,Interviews,
,,Directors,
,,Awards,
,,Festivals,
,,Trailers,
,,Popular actors,
,TV shows,,
,,Top rated,
,,Awards,
,,Reality shows,
,,Game shows,
,Games,,
,,Board games,
,,Computer games,
,,Virtual reality,
,,Top picks,
,,Game reviews,
,Cinema,,
,,Blockbuster movies,
,,Cinemas near you,
,,Top picks,
Hobbies,,,
,Travel,,
,,Insurance,
,,Trip planning,
,,Budget,
,,Culture travelling,
,,Culinarytravelling,
,,Destinations,
,,,Europe
,,,Asia
,,,Africa
,,Tours,
,,Historical sights,
,Sports,,
,,Team sports,
,,,Soccer (football)
,,,Basketball
,,,Baseball
,,,Volleyball
,,,Ice hockey
,,,Softball
,,,Rugby
,,Individual sports,
,,,Tennis
,,,Athletics
,,,Badminton
,,,Bowling
,,,Skiing
,,,Golf
,,,Cycling
,,,Figure Skating
,,,Boxing
,,,Swimming
,,,Gymnastics
,,,Snowboarding
,,Olympics,
,,World championships,
,,Athletics,
,Food,,
,,Restaurants,
,,Restaurant reviews,
,,Tips,
,,Recipes,
,,Cooking,
,,Baking,
,,Food trends,
,,Regional cuisine,
,,,Vegan recipes
,,,Asian cuisine
,,,Mexican cuisine
,,Street food,
,,Beverages,
,,Wine and spirits,
,Beauty,,
,,Fashion shows,
,,Events,
,,Makeup,
,,Clothes,
,,Weddings,
,Household,,
,,Garden,
,,Pets,
,,Furniture,
,,Outdoors,
,,Renovations,
,,DIY,
,,Interior design,
,,Decorations,
,Garden,,
,,Plants,
,,Flowers,
,,Tools,
,,Seasonal tips,
,,Trees,
,Outdoors,,
,,Motoring,
,,Fishing and Boating,
,,Camping,
,,Hunting,
,Art,,
,,Drawing,
,,Painting,
,,Photography,
,,Pottery,
,,Sculpture,
,,Needlework,
,Crafts,,
,,Sewing,
,,Pottery,
,,Beading,
,,Printmaking,
Culture,,,
,Art,,
,,Painting,
,,Sculpture,
,,Photography,
,,Graphic design,
,,Street art,
,,Museums,
,,Galleries,
,,Movies and TV shows,
,,Modern art,
,,Classical art,
,,Digital art,
,Theatre,,
,,Drama,
,,Comedy,
,,Musicals,
,,Opera,
,,Dance,
,Fashion,,
,,Accessories,
,,Makeup,
,,New collections,
,,Fashion shows,
,,Events,
,,Latest trends,
,,Footwear,
,,Sustainable fashion,
,Architecture,,
,,Urban,
,,Interior,
,,Industrial,
,,Commercial,
,History,,
,,Ancient,
,,Medieval,
,,Modern,
,,World,
,,Europe,
,,America,
Science,,,
,Health and Medicine,,
,,Treatments,
,,Mental health,
,,Research,
,,Innovations,
,Physics,,
,,Mechanics,
,,Quantum mechanics,
,,Optics,
,,Relativity,
,,Electromagnetism,
,,Thermodynamics,
,,Nuclear physics,
,Biology,,
,,Zoology,
,,Botany,
,,Ecology,
,,Genetics,
,,Diseases,
,,Evolution,
,,Microbiology,
,Chemistry,,
,Technology,,
,,Social media,
,,Gadgets,
,,Computers and internet,
,,Mobile phones,
,,Software and games,
,,Artificial intelligence,
,,Robotics,
,,Biotechnology,
,,Nanotechnology,
,Environment,,
,,Climate change,
,,Global warming,
,,Sustainability,
,,Renewable energy,
,,Pollution and waste,
,,Recycling,
,,Green technologies,
,Earth and Space,,
,,Solar system,
,,The universe,
,,Geology,
,,Astronomy,
,,Space exploration,
,,Meteorology,
,,Archeology,
,Nature,,
,,Documentaries,
,,Animals,
,,Plants,
,,Weather,
,,Energy and resources,
Society,,,
,Politics,,
,,Current events,
,,US,
,,World,
,,Opinions,
,,Elections,
,,Debates,
,,International relations,
,,Public policy,
,,Political parties,
,Economics,,
,,Business,
,,Stock market,
,,Personal finances,
,,Advertising,
,,Startups,
,,Trade,
,,Banking,
,Law,,
,,Criminal law,
,,Civil law,
,,International law,
,,Human rights,
,,Legal systems and processes,
,,Legal rights and obligations,
,Education,,
,,Primary,
,,Secondary,
,,Higher education,
,,Homeschooling,
,,E-learning,
,,Special education,
,Health,,
,,Health issues,
,,Fitness,
,,Nutrition,
,,Aging,
,,Mental health,
,Family and Relationships,,
,,Parenting,
,,Marriage,
,,Dating,
,Sociology,,
,,Demography,
,,Age,
,,Gender,
,,LGBT+,
,,Race,
,,Crime,
,,Multiculturalism,
,Religion,,
,,Christianity,
,,Judaism,
,,Islam,
,,Buddhism,
,,Hinduism,
,Psychology,,
Lifestyle,,,
,Finances,,
,,Budgeting,
,,Investing,
,,Retirement,
,Personal development,,
,,Mindfulness,
,,Self-care,
,,Self-growth,
,,Career,
,,Creativity,
,Fitness,,
,,Workout,
,,Diet,
,,Yoga,
,,Pilates,
,,Crossfit,
,,Martial arts,
About us,,,
,Contact,,
,Subscription,,
,Careers,,
,Privacy policy,,